"filename", "language", "JSON with Comments", "JavaScript", "PostCSS", "Markdown", "Astro", "TypeScript", "XML", "JSON", "comment", "blank", "total"
"c:\Users\walga\OneDrive\Escritorio\Optica\OpticaSoftware\README.md", "Markdown", 0, 0, 0, 35, 0, 0, 0, 0, 0, 14, 49
"c:\Users\walga\OneDrive\Escritorio\Optica\OpticaSoftware\astro.config.mjs", "JavaScript", 0, 16, 0, 0, 0, 0, 0, 0, 2, 7, 25
"c:\Users\walga\OneDrive\Escritorio\Optica\OpticaSoftware\auth.config.mjs", "JavaScript", 0, 10, 0, 0, 0, 0, 0, 0, 0, 2, 12
"c:\Users\walga\OneDrive\Escritorio\Optica\OpticaSoftware\package-lock.json", "JSON", 0, 0, 0, 0, 0, 0, 0, 7925, 0, 1, 7926
"c:\Users\walga\OneDrive\Escritorio\Optica\OpticaSoftware\package.json", "JSON", 0, 0, 0, 0, 0, 0, 0, 32, 0, 1, 33
"c:\Users\walga\OneDrive\Escritorio\Optica\OpticaSoftware\playwright.config.ts", "TypeScript", 0, 0, 0, 0, 0, 26, 0, 0, 44, 10, 80
"c:\Users\walga\OneDrive\Escritorio\Optica\OpticaSoftware\public\favicon.svg", "XML", 0, 0, 0, 0, 0, 0, 9, 0, 0, 1, 10
"c:\Users\walga\OneDrive\Escritorio\Optica\OpticaSoftware\src\assets\astro.svg", "XML", 0, 0, 0, 0, 0, 0, 1, 0, 0, 1, 2
"c:\Users\walga\OneDrive\Escritorio\Optica\OpticaSoftware\src\assets\background.svg", "XML", 0, 0, 0, 0, 0, 0, 1, 0, 0, 1, 2
"c:\Users\walga\OneDrive\Escritorio\Optica\OpticaSoftware\src\components\UI\filtro.astro", "Astro", 0, 0, 0, 0, 96, 0, 0, 0, 1, 5, 102
"c:\Users\walga\OneDrive\Escritorio\Optica\OpticaSoftware\src\components\UI\filtrotelefono.astro", "Astro", 0, 0, 0, 0, 120, 0, 0, 0, 0, 8, 128
"c:\Users\walga\OneDrive\Escritorio\Optica\OpticaSoftware\src\components\UI\navbar.astro", "Astro", 0, 0, 0, 0, 165, 0, 0, 0, 5, 10, 180
"c:\Users\walga\OneDrive\Escritorio\Optica\OpticaSoftware\src\components\UI\sidebar.astro", "Astro", 0, 0, 0, 0, 84, 0, 0, 0, 2, 9, 95
"c:\Users\walga\OneDrive\Escritorio\Optica\OpticaSoftware\src\components\gestionAgendamiento.astro", "Astro", 0, 0, 0, 0, 81, 0, 0, 0, 0, 4, 85
"c:\Users\walga\OneDrive\Escritorio\Optica\OpticaSoftware\src\components\gestionPacientes.astro", "Astro", 0, 0, 0, 0, 1070, 0, 0, 0, 0, 73, 1143
"c:\Users\walga\OneDrive\Escritorio\Optica\OpticaSoftware\src\components\gestionProductos.astro", "Astro", 0, 0, 0, 0, 828, 0, 0, 0, 0, 81, 909
"c:\Users\walga\OneDrive\Escritorio\Optica\OpticaSoftware\src\components\gestionUsuarios.astro", "Astro", 0, 0, 0, 0, 807, 0, 0, 0, 25, 82, 914
"c:\Users\walga\OneDrive\Escritorio\Optica\OpticaSoftware\src\components\nuestrasOpticas.astro", "Astro", 0, 0, 0, 0, 145, 0, 0, 0, 6, 16, 167
"c:\Users\walga\OneDrive\Escritorio\Optica\OpticaSoftware\src\components\ventaProductos.astro", "Astro", 0, 0, 0, 0, 58, 0, 0, 0, 1, 5, 64
"c:\Users\walga\OneDrive\Escritorio\Optica\OpticaSoftware\src\db\connect.ts", "TypeScript", 0, 0, 0, 0, 0, 20, 0, 0, 1, 7, 28
"c:\Users\walga\OneDrive\Escritorio\Optica\OpticaSoftware\src\db\connect2.ts", "TypeScript", 0, 0, 0, 0, 0, 0, 0, 0, 23, 4, 27
"c:\Users\walga\OneDrive\Escritorio\Optica\OpticaSoftware\src\db\repositorios\protegerRutas.ts", "TypeScript", 0, 0, 0, 0, 0, 33, 0, 0, 0, 8, 41
"c:\Users\walga\OneDrive\Escritorio\Optica\OpticaSoftware\src\db\repositorios\repositorioCompras.ts", "TypeScript", 0, 0, 0, 0, 0, 0, 0, 0, 0, 1, 1
"c:\Users\walga\OneDrive\Escritorio\Optica\OpticaSoftware\src\db\repositorios\repositorioPacientes.ts", "TypeScript", 0, 0, 0, 0, 0, 92, 0, 0, 0, 12, 104
"c:\Users\walga\OneDrive\Escritorio\Optica\OpticaSoftware\src\db\repositorios\repositorioProductos.ts", "TypeScript", 0, 0, 0, 0, 0, 98, 0, 0, 2, 14, 114
"c:\Users\walga\OneDrive\Escritorio\Optica\OpticaSoftware\src\db\repositorios\repositorioRoles.ts", "TypeScript", 0, 0, 0, 0, 0, 24, 0, 0, 0, 5, 29
"c:\Users\walga\OneDrive\Escritorio\Optica\OpticaSoftware\src\db\repositorios\repositorioUsuarios.ts", "TypeScript", 0, 0, 0, 0, 0, 111, 0, 0, 0, 16, 127
"c:\Users\walga\OneDrive\Escritorio\Optica\OpticaSoftware\src\icons\actualizar.svg", "XML", 0, 0, 0, 0, 0, 0, 9, 0, 0, 1, 10
"c:\Users\walga\OneDrive\Escritorio\Optica\OpticaSoftware\src\icons\add.svg", "XML", 0, 0, 0, 0, 0, 0, 11, 0, 0, 1, 12
"c:\Users\walga\OneDrive\Escritorio\Optica\OpticaSoftware\src\icons\box.svg", "XML", 0, 0, 0, 0, 0, 0, 18, 0, 0, 1, 19
"c:\Users\walga\OneDrive\Escritorio\Optica\OpticaSoftware\src\icons\calendar.svg", "XML", 0, 0, 0, 0, 0, 0, 11, 0, 0, 1, 12
"c:\Users\walga\OneDrive\Escritorio\Optica\OpticaSoftware\src\icons\carrito.svg", "XML", 0, 0, 0, 0, 0, 0, 15, 0, 0, 1, 16
"c:\Users\walga\OneDrive\Escritorio\Optica\OpticaSoftware\src\icons\clock.svg", "XML", 0, 0, 0, 0, 0, 0, 1, 0, 0, 0, 1
"c:\Users\walga\OneDrive\Escritorio\Optica\OpticaSoftware\src\icons\close.svg", "XML", 0, 0, 0, 0, 0, 0, 15, 0, 0, 1, 16
"c:\Users\walga\OneDrive\Escritorio\Optica\OpticaSoftware\src\icons\dollar-sign.svg", "XML", 0, 0, 0, 0, 0, 0, 35, 0, 0, 1, 36
"c:\Users\walga\OneDrive\Escritorio\Optica\OpticaSoftware\src\icons\eliminar.svg", "XML", 0, 0, 0, 0, 0, 0, 9, 0, 0, 1, 10
"c:\Users\walga\OneDrive\Escritorio\Optica\OpticaSoftware\src\icons\exit.svg", "XML", 0, 0, 0, 0, 0, 0, 22, 0, 0, 1, 23
"c:\Users\walga\OneDrive\Escritorio\Optica\OpticaSoftware\src\icons\eye.svg", "XML", 0, 0, 0, 0, 0, 0, 3, 0, 0, 0, 3
"c:\Users\walga\OneDrive\Escritorio\Optica\OpticaSoftware\src\icons\filtro.svg", "XML", 0, 0, 0, 0, 0, 0, 11, 0, 0, 1, 12
"c:\Users\walga\OneDrive\Escritorio\Optica\OpticaSoftware\src\icons\glasses.svg", "XML", 0, 0, 0, 0, 0, 0, 1, 0, 0, 0, 1
"c:\Users\walga\OneDrive\Escritorio\Optica\OpticaSoftware\src\icons\google.svg", "XML", 0, 0, 0, 0, 0, 0, 24, 0, 0, 1, 25
"c:\Users\walga\OneDrive\Escritorio\Optica\OpticaSoftware\src\icons\mail.svg", "XML", 0, 0, 0, 0, 0, 0, 1, 0, 0, 0, 1
"c:\Users\walga\OneDrive\Escritorio\Optica\OpticaSoftware\src\icons\map-pin.svg", "XML", 0, 0, 0, 0, 0, 0, 15, 0, 0, 1, 16
"c:\Users\walga\OneDrive\Escritorio\Optica\OpticaSoftware\src\icons\menu.svg", "XML", 0, 0, 0, 0, 0, 0, 13, 0, 0, 1, 14
"c:\Users\walga\OneDrive\Escritorio\Optica\OpticaSoftware\src\icons\palette.svg", "XML", 0, 0, 0, 0, 0, 0, 118, 0, 0, 1, 119
"c:\Users\walga\OneDrive\Escritorio\Optica\OpticaSoftware\src\icons\phone.svg", "XML", 0, 0, 0, 0, 0, 0, 1, 0, 0, 0, 1
"c:\Users\walga\OneDrive\Escritorio\Optica\OpticaSoftware\src\icons\profile.svg", "XML", 0, 0, 0, 0, 0, 0, 14, 0, 0, 1, 15
"c:\Users\walga\OneDrive\Escritorio\Optica\OpticaSoftware\src\icons\salir.svg", "XML", 0, 0, 0, 0, 0, 0, 19, 0, 0, 1, 20
"c:\Users\walga\OneDrive\Escritorio\Optica\OpticaSoftware\src\icons\service.svg", "XML", 0, 0, 0, 0, 0, 0, 16, 0, 0, 1, 17
"c:\Users\walga\OneDrive\Escritorio\Optica\OpticaSoftware\src\icons\square.svg", "XML", 0, 0, 0, 0, 0, 0, 8, 0, 0, 1, 9
"c:\Users\walga\OneDrive\Escritorio\Optica\OpticaSoftware\src\icons\sun.svg", "XML", 0, 0, 0, 0, 0, 0, 1, 0, 0, 0, 1
"c:\Users\walga\OneDrive\Escritorio\Optica\OpticaSoftware\src\icons\users.svg", "XML", 0, 0, 0, 0, 0, 0, 11, 0, 0, 1, 12
"c:\Users\walga\OneDrive\Escritorio\Optica\OpticaSoftware\src\layouts\Layout.astro", "Astro", 0, 0, 0, 0, 48, 0, 0, 0, 0, 3, 51
"c:\Users\walga\OneDrive\Escritorio\Optica\OpticaSoftware\src\layouts\LayoutAdmin.astro", "Astro", 0, 0, 0, 0, 26, 0, 0, 0, 0, 4, 30
"c:\Users\walga\OneDrive\Escritorio\Optica\OpticaSoftware\src\layouts\LayoutInicio.astro", "Astro", 0, 0, 0, 0, 82, 0, 0, 0, 0, 15, 97
"c:\Users\walga\OneDrive\Escritorio\Optica\OpticaSoftware\src\layouts\LayoutLogin.astro", "Astro", 0, 0, 0, 0, 24, 0, 0, 0, 0, 3, 27
"c:\Users\walga\OneDrive\Escritorio\Optica\OpticaSoftware\src\logic\servicioPacientes.ts", "TypeScript", 0, 0, 0, 0, 0, 52, 0, 0, 0, 5, 57
"c:\Users\walga\OneDrive\Escritorio\Optica\OpticaSoftware\src\logic\servicioProductos.ts", "TypeScript", 0, 0, 0, 0, 0, 46, 0, 0, 0, 5, 51
"c:\Users\walga\OneDrive\Escritorio\Optica\OpticaSoftware\src\logic\servicioRoles.ts", "TypeScript", 0, 0, 0, 0, 0, 10, 0, 0, 0, 2, 12
"c:\Users\walga\OneDrive\Escritorio\Optica\OpticaSoftware\src\logic\servicioUsuarios.ts", "TypeScript", 0, 0, 0, 0, 0, 74, 0, 0, 0, 10, 84
"c:\Users\walga\OneDrive\Escritorio\Optica\OpticaSoftware\src\models\clientes.ts", "TypeScript", 0, 0, 0, 0, 0, 6, 0, 0, 0, 1, 7
"c:\Users\walga\OneDrive\Escritorio\Optica\OpticaSoftware\src\models\compras.ts", "TypeScript", 0, 0, 0, 0, 0, 7, 0, 0, 0, 1, 8
"c:\Users\walga\OneDrive\Escritorio\Optica\OpticaSoftware\src\models\gafas.ts", "TypeScript", 0, 0, 0, 0, 0, 10, 0, 0, 0, 1, 11
"c:\Users\walga\OneDrive\Escritorio\Optica\OpticaSoftware\src\models\pacientes.ts", "TypeScript", 0, 0, 0, 0, 0, 9, 0, 0, 0, 1, 10
"c:\Users\walga\OneDrive\Escritorio\Optica\OpticaSoftware\src\models\pacientesDto.ts", "TypeScript", 0, 0, 0, 0, 0, 8, 0, 0, 0, 1, 9
"c:\Users\walga\OneDrive\Escritorio\Optica\OpticaSoftware\src\models\persona.ts", "TypeScript", 0, 0, 0, 0, 0, 10, 0, 0, 0, 1, 11
"c:\Users\walga\OneDrive\Escritorio\Optica\OpticaSoftware\src\models\roles.ts", "TypeScript", 0, 0, 0, 0, 0, 4, 0, 0, 0, 1, 5
"c:\Users\walga\OneDrive\Escritorio\Optica\OpticaSoftware\src\models\usuarios.ts", "TypeScript", 0, 0, 0, 0, 0, 13, 0, 0, 0, 1, 14
"c:\Users\walga\OneDrive\Escritorio\Optica\OpticaSoftware\src\pages\api\actualizarPaciente.ts", "TypeScript", 0, 0, 0, 0, 0, 50, 0, 0, 0, 8, 58
"c:\Users\walga\OneDrive\Escritorio\Optica\OpticaSoftware\src\pages\api\actualizarProducto.ts", "TypeScript", 0, 0, 0, 0, 0, 52, 0, 0, 1, 8, 61
"c:\Users\walga\OneDrive\Escritorio\Optica\OpticaSoftware\src\pages\api\actualizarUsuario.ts", "TypeScript", 0, 0, 0, 0, 0, 60, 0, 0, 0, 8, 68
"c:\Users\walga\OneDrive\Escritorio\Optica\OpticaSoftware\src\pages\api\agregarPaciente.ts", "TypeScript", 0, 0, 0, 0, 0, 141, 0, 0, 0, 12, 153
"c:\Users\walga\OneDrive\Escritorio\Optica\OpticaSoftware\src\pages\api\agregarProducto.ts", "TypeScript", 0, 0, 0, 0, 0, 33, 0, 0, 0, 7, 40
"c:\Users\walga\OneDrive\Escritorio\Optica\OpticaSoftware\src\pages\api\agregarUsuario.ts", "TypeScript", 0, 0, 0, 0, 0, 44, 0, 0, 0, 7, 51
"c:\Users\walga\OneDrive\Escritorio\Optica\OpticaSoftware\src\pages\api\eliminarPaciente.ts", "TypeScript", 0, 0, 0, 0, 0, 34, 0, 0, 0, 8, 42
"c:\Users\walga\OneDrive\Escritorio\Optica\OpticaSoftware\src\pages\api\eliminarProducto.ts", "TypeScript", 0, 0, 0, 0, 0, 29, 0, 0, 4, 7, 40
"c:\Users\walga\OneDrive\Escritorio\Optica\OpticaSoftware\src\pages\api\eliminarUsuario.ts", "TypeScript", 0, 0, 0, 0, 0, 21, 0, 0, 0, 6, 27
"c:\Users\walga\OneDrive\Escritorio\Optica\OpticaSoftware\src\pages\api\obtenerPacientes.ts", "TypeScript", 0, 0, 0, 0, 0, 17, 0, 0, 0, 4, 21
"c:\Users\walga\OneDrive\Escritorio\Optica\OpticaSoftware\src\pages\api\obtenerRoles.ts", "TypeScript", 0, 0, 0, 0, 0, 17, 0, 0, 0, 3, 20
"c:\Users\walga\OneDrive\Escritorio\Optica\OpticaSoftware\src\pages\api\obtenerUsuarios.ts", "TypeScript", 0, 0, 0, 0, 0, 17, 0, 0, 0, 4, 21
"c:\Users\walga\OneDrive\Escritorio\Optica\OpticaSoftware\src\pages\api\obtenerUsuariosLogin.ts", "TypeScript", 0, 0, 0, 0, 0, 17, 0, 0, 0, 4, 21
"c:\Users\walga\OneDrive\Escritorio\Optica\OpticaSoftware\src\pages\api\obtenerproductos.ts", "TypeScript", 0, 0, 0, 0, 0, 17, 0, 0, 0, 4, 21
"c:\Users\walga\OneDrive\Escritorio\Optica\OpticaSoftware\src\pages\api\validarUsuario.ts", "TypeScript", 0, 0, 0, 0, 0, 43, 0, 0, 0, 10, 53
"c:\Users\walga\OneDrive\Escritorio\Optica\OpticaSoftware\src\pages\gestion.astro", "Astro", 0, 0, 0, 0, 49, 0, 0, 0, 0, 7, 56
"c:\Users\walga\OneDrive\Escritorio\Optica\OpticaSoftware\src\pages\index.astro", "Astro", 0, 0, 0, 0, 141, 0, 0, 0, 0, 18, 159
"c:\Users\walga\OneDrive\Escritorio\Optica\OpticaSoftware\src\pages\login.astro", "Astro", 0, 0, 0, 0, 155, 0, 0, 0, 1, 23, 179
"c:\Users\walga\OneDrive\Escritorio\Optica\OpticaSoftware\src\pages\logout.astro", "Astro", 0, 0, 0, 0, 15, 0, 0, 0, 0, 3, 18
"c:\Users\walga\OneDrive\Escritorio\Optica\OpticaSoftware\src\styles\global.css", "PostCSS", 0, 0, 1, 0, 0, 0, 0, 0, 0, 1, 2
"c:\Users\walga\OneDrive\Escritorio\Optica\OpticaSoftware\src\styles\login.css", "PostCSS", 0, 0, 263, 0, 0, 0, 0, 0, 0, 46, 309
"c:\Users\walga\OneDrive\Escritorio\Optica\OpticaSoftware\tests\validacion-addpaciente.spec.ts", "TypeScript", 0, 0, 0, 0, 0, 75, 0, 0, 0, 12, 87
"c:\Users\walga\OneDrive\Escritorio\Optica\OpticaSoftware\tests\validacion-adduser.spec.ts", "TypeScript", 0, 0, 0, 0, 0, 68, 0, 0, 0, 18, 86
"c:\Users\walga\OneDrive\Escritorio\Optica\OpticaSoftware\tests\validacion-productos.spec.ts", "TypeScript", 0, 0, 0, 0, 0, 77, 0, 0, 0, 20, 97
"c:\Users\walga\OneDrive\Escritorio\Optica\OpticaSoftware\tests\validaciones-login.spec.ts", "TypeScript", 0, 0, 0, 0, 0, 45, 0, 0, 0, 8, 53
"c:\Users\walga\OneDrive\Escritorio\Optica\OpticaSoftware\tsconfig.json", "JSON with Comments", 5, 0, 0, 0, 0, 0, 0, 0, 0, 1, 6
"Total", "-", 5, 26, 264, 35, 3994, 1510, 413, 7957, 118, 729, 15051